[{
    "good_id": 1,
    "src": "https://imgservice1.suning.cn/uimg1/b2c/image/87i7RIzHiGjCQwYUCzpRHg.jpg_400w_400h_4e",
    "title": "禧美海产 厄瓜多尔白虾（ASC认证）1800g 盒装 90-108只 原装进口 海鲜水产",
    "price": 136,
    "disCount": "20万+评价",
    "shopName": "皮皮虾"
}, {
    "good_id": 2,
    "src": "https://imgservice1.suning.cn/uimg1/b2c/image/QFle886dsqJxQVsdgkY47g.jpg_400w_400h_4e",
    "title": "禧美海产 熟冻加拿大北极甜虾（MSC认证） 500g/袋 65-85只 海鲜水产",
    "price": 27.9,
    "disCount": "10万+评价",
    "shopName": "皮皮虾"
}, {
    "good_id": 3,
    "src": "https://imgservice4.suning.cn/uimg1/b2c/image/Eob6Cuou_OBGn5dIic1o6Q.jpg_400w_400h_4e",
    "title": "海买HaiMai 熟冻加拿大北极甜虾 400g袋装 50-60只 MSC认证 虾类",
    "price": 25.9,
    "disCount": "16万+评价",
    "shopName": "皮皮虾"
}, {
    "good_id": 4,
    "src": "https://imgservice.suning.cn/uimg1/b2c/image/ILEiW7DB4PxFmmckvi0EFw.jpg_400w_400h_4e",
    "title": "100%活虾加工，新鲜手剥，白灼味也鲜",
    "price": 22.9,
    "disCount": "700+评价",
    "shopName": "皮皮虾"
}, {
    "good_id": 5,
    "src": "https://imgservice4.suning.cn/uimg1/b2c/image/Co43o33IX0-Mql_Ymsy1NA.jpg_400w_400h_4e",
    "title": "简单滋味 南美白虾仁中号250g（27-34只）",
    "price": 26.9,
    "disCount": "15万+评价",
    "shopName": "皮皮虾"
}, {
    "good_id": 6,
    "src": "https://imgservice1.suning.cn/uimg1/b2c/image/pq3sF-QaoyrEuk8mvOH7Ng.jpg_400w_400h_4e",
    "title": "禧美海产 厄瓜多尔白虾（ASC认证）1000g 盒装 50-60只 大虾 海鲜水产",
    "price": 82.9,
    "disCount": "1.7万+评价",
    "shopName": "皮皮虾"
}, {
    "good_id": 7,
    "src": "https://imgservice5.suning.cn/uimg1/b2c/image/KB5aNMk2wnCr5zeHDCZTUQ.jpg_400w_400h_4e",
    "title": "国联（GUO LIAN）大号翡翠生虾仁200g/袋 （11-13只）",
    "price": 21.8,
    "disCount": "5.7万+评价",
    "shopName": "皮皮虾"
}, {
    "good_id": 8,
    "src": "https://imgservice3.suning.cn/uimg1/b2c/image/CeWeeMgrrhALRWR0Ff0p3w.jpg_400w_400h_4e",
    "title": "海买 进口阿根廷红虾 360g 7-11只 盒装",
    "price": 41.9,
    "disCount": "4600+评价",
    "shopName": "皮皮虾"
}, {
    "good_id": 9,
    "src": "https://imgservice4.suning.cn/uimg1/b2c/image/pWi6cmR0SHXwYPG58MTKIQ.jpg_400w_400h_4e",
    "title": "海买 厄瓜多尔南美白虾500g/盒 25-30只",
    "price": 55.9,
    "disCount": "5900+评价",
    "shopName": "皮皮虾"
}, {
    "good_id": 10,
    "src": "https://imgservice3.suning.cn/uimg1/b2c/image/FDl9QIVKfqWIccW8gqiF9g.jpg_400w_400h_4e",
    "title": "海买 加拿大熟冻北极虾 头籽甜虾400g 约40-50只 头籽率50%-60%",
    "price": 32.9,
    "disCount": "300+评价",
    "shopName": "皮皮虾"
}, {
    "good_id": 11,
    "src": "https://imgservice1.suning.cn/uimg1/b2c/image/NMKyCK2jglDgdoMqQ2DBsw.jpg_400w_400h_4e",
    "title": "海买 原装进口阿根廷红虾800g L1 盒装",
    "price": 89,
    "disCount": "100+评价",
    "shopName": "皮皮虾"
}, {
    "good_id": 12,
    "src": "https://imgservice.suning.cn/uimg1/b2c/image/i5Pv4lwSfxDf5KkE8WAriA.jpg_400w_400h_4e",
    "title": "100%活虾加工，新鲜手剥，白灼味也鲜",
    "price": 19.9,
    "disCount": "1100+评价",
    "shopName": "皮皮虾"
}, {
    "good_id": 13,
    "src": "https://imgservice1.suning.cn/uimg1/b2c/atmosphere/bQgzYWvLeE14DZyQZ60vzA.jpg_400w_400h_4e",
    "title": "大洋世家 冷冻阿根廷红虾 L1（大号） 2kg 30-40只 火锅 大虾 原装进口 烧烤 冷冻海鲜水产 生鲜",
    "price": 162,
    "disCount": "10+评价",
    "shopName": "皮皮虾"
}, {
    "good_id": 14,
    "src": "https://imgservice5.suning.cn/uimg1/b2c/image/cFIWBwz9w9-_Dh1j3v3UyQ.jpg_400w_400h_4e",
    "title": "今锦上 麻辣小龙虾 900g 中号/20-30只 净虾500g 海鲜水产",
    "price": 32.8,
    "disCount": "3.4万+评价",
    "shopName": "皮皮虾"
}, {
    "good_id": 15,
    "src": "https://imgservice2.suning.cn/uimg1/b2c/image/KlcsQgwj9toL4dlc3IZ_Kw.jpg_400w_400h_4e",
    "title": "大洋世家 鲜虾滑150g 袋装 虾肉含量97%以上 冷冻海鲜水产 生鲜 火锅丸子 进口海鲜",
    "price": 23,
    "disCount": "9评价",
    "shopName": "皮皮虾"
}, {
    "good_id": 16,
    "src": "https://imgservice1.suning.cn/uimg1/b2c/atmosphere/_gVvKEGAdE-xUkYSL9S2rQ.jpg_400w_400h_4e",
    "title": "寰球渔市 越南活冻黑虎虾 400g/盒 冷冻海鲜水产 生鲜 虾仁",
    "price": 56,
    "disCount": "4评价",
    "shopName": "皮皮虾"
}, {
    "good_id": 17,
    "src": "https://imgservice4.suning.cn/uimg1/b2c/atmosphere/pKoeFxcnj0-j6QiV_03gmQ.jpg_400w_400h_4e",
    "title": "寰球渔市 活冻黑虎虾仁（大号） 200g/袋 冷冻海鲜水产 生鲜",
    "price": 28,
    "disCount": "7评价",
    "shopName": "皮皮虾"
}, {
    "good_id": 18,
    "src": "https://imgservice.suning.cn/uimg1/b2c/image/vGGWruUONro_xaeN80XPgQ.jpg_400w_400h_4e",
    "title": "100%活虾加工，新鲜手剥，白灼味也鲜",
    "price": 20.6,
    "disCount": "500+评价",
    "shopName": "皮皮虾"
}, {
    "good_id": 19,
    "src": "https://imgservice2.suning.cn/uimg1/b2c/image/QO0vVEgO3KxlHt1a2x0GDg.jpg_400w_400h_4e",
    "title": "国联（GUOLIAN）翡翠生虾仁200g(小号71/90) 31/40只/袋",
    "price": 20.8,
    "disCount": "2.3万+评价",
    "shopName": "皮皮虾"
}, {
    "good_id": 20,
    "src": "https://imgservice3.suning.cn/uimg1/b2c/image/ft2CQwEmFy3GMwF3OwiwDQ.jpg_400w_400h_4e",
    "title": "简单滋味 虾滑 150g 海鲜水产",
    "price": 25.9,
    "disCount": "30+评价",
    "shopName": "皮皮虾"
}, {
    "good_id": 21,
    "src": "https://imgservice2.suning.cn/uimg1/b2c/image/_QHj6w2VLkvPz80wmmGq1A.jpg_400w_400h_4e",
    "title": "大洋世家 冷冻阿根廷红虾 L2（中号） 2kg 45-60只 火锅 大虾 原装进口 烧烤 冷冻海鲜水产 生鲜",
    "price": 159,
    "disCount": "4评价",
    "shopName": "皮皮虾"
}, {
    "good_id": 22,
    "src": "https://imgservice2.suning.cn/uimg1/b2c/atmosphere/oN2NoaTi6y_TGu2h_NouFg.jpg_400w_400h_4e",
    "title": "大洋世家 秘鲁白虾1.4kg 白虾 火锅食材 大虾 进口 冷冻海鲜水产 生鲜 进口海鲜",
    "price": 108,
    "disCount": "1评价",
    "shopName": "皮皮虾"
}, {
    "good_id": 23,
    "src": "https://imgservice2.suning.cn/uimg1/b2c/atmosphere/0OPmDelAEx7v91rTGYDNtA.jpg_400w_400h_4e",
    "title": "大洋世家 厄瓜多尔白虾（大号）2kg 80-100只 原装进口 海鲜水产冷冻 生鲜 火锅食材 大虾",
    "price": 159,
    "disCount": "5评价",
    "shopName": "皮皮虾"
}, {
    "good_id": 24,
    "src": "https://imgservice3.suning.cn/uimg1/b2c/image/H7tG1hEEub24sevVFbWlbw.jpg_400w_400h_4e",
    "title": "Sirena美人鱼 原装进口加拿大北极甜虾仁 250g",
    "price": 42.9,
    "disCount": "90+评价",
    "shopName": "皮皮虾"
}, {
    "good_id": 25,
    "src": "https://imgservice2.suning.cn/uimg1/b2c/image/Zlhv-3NF4FDeUyOWh_3ZdA.jpg_400w_400h_4e",
    "title": "大洋世家 虾滑150g（芹菜味） 袋装 虾肉含量85%以上 火锅丸子 冷冻海鲜水产 生鲜",
    "price": 17,
    "disCount": "3评价",
    "shopName": "皮皮虾"
}, {
    "good_id": 26,
    "src": "https://imgservice2.suning.cn/uimg1/b2c/image/Y1OvjR25rFfCxsdu3NoYMg.jpg_400w_400h_4e",
    "title": "大洋世家 虾滑150g（鱿鱼虾滑） 袋装 虾肉含量85%以上 火锅丸子 冷冻海鲜水产 生鲜",
    "price": 21,
    "disCount": "3评价",
    "shopName": "皮皮虾"
}, {
    "good_id": 27,
    "src": "https://imgservice4.suning.cn/uimg1/b2c/atmosphere/8QWQZCzR6XcA1pG6H6LB5g.jpg_400w_400h_4e",
    "title": "寰球渔市 活冻南美青虾仁 2斤南美进口虾仁 1kg/盒 冷冻海鲜水产 生鲜",
    "price": 112,
    "disCount": "4评价",
    "shopName": "皮皮虾"
}, {
    "good_id": 28,
    "src": "https://imgservice5.suning.cn/uimg1/b2c/atmosphere/n4FJF9aCDw_IireTId4F5g.jpg_400w_400h_4e",
    "title": "寰球渔市 加拿大北极甜虾 500g/盒 1斤 头膏头籽 即食熟冻冰虾 冷冻海鲜水产 生鲜",
    "price": 46,
    "disCount": "4评价",
    "shopName": "皮皮虾"
}, {
    "good_id": 29,
    "src": "https://imgservice3.suning.cn/uimg1/b2c/image/4EVqhk6rC6b2By8kwSgwLA.jpg_400w_400h_4e",
    "title": "简单滋味 越南生冻黑虎虾400g（16-20只）进口草虾 海鲜水产",
    "price": 46.9,
    "disCount": "3.1万+评价",
    "shopName": "皮皮虾"
}, {
    "good_id": 30,
    "src": "https://imgservice3.suning.cn/uimg1/b2c/image/CrmztROBFrDJ_gySypnQUw.jpg_400w_400h_4e",
    "title": "寰球渔市 厄瓜多尔白虾（活虾鲜冻）4斤/盒 90-120只 大虾 烧烤 净重1.4kg 进口 冷冻海鲜水产 生鲜",
    "price": 112,
    "disCount": "2评价",
    "shopName": "皮皮虾"
}, {
    "good_id": 31,
    "src": "https://imgservice1.suning.cn/uimg1/b2c/image/_Nc42zvMb65GTwQFN2MLwg.jpg_400w_400h_4e",
    "title": "寰球渔市 野生阿根廷红虾 大对虾 L2 级 4斤装/盒 冷冻海鲜水产 生鲜",
    "price": 175,
    "disCount": "1评价",
    "shopName": "皮皮虾"
}, {
    "good_id": 32,
    "src": "https://imgservice4.suning.cn/uimg1/b2c/image/6UHfNIWeHbdI1qfKlEXvvQ.jpg_400w_400h_4e",
    "title": "海买 Santa 原装进口厄瓜多尔白虾1.65kg/盒（60-70只/kg）",
    "price": 119,
    "disCount": "1.9万+评价",
    "shopName": "皮皮虾"
}, {
    "good_id": 33,
    "src": "https://imgservice1.suning.cn/uimg1/b2c/image/AAHrpsJ6Pp0CG_W5gfkAxA.jpg_400w_400h_4e",
    "title": "ARBUMASA 阿根廷红虾 L1 2kg/盒",
    "price": 149,
    "disCount": "300+评价",
    "shopName": "皮皮虾"
}, {
    "good_id": 34,
    "src": "https://imgservice1.suning.cn/uimg1/b2c/image/hHYrNCskW4k80UMTZbSJkQ.jpg_400w_400h_4e",
    "title": "俏苏阁悦食者 麻辣小龙虾 900g 6-8/13-16只 净虾500g 海鲜水产",
    "price": 38.8,
    "disCount": "1000+评价",
    "shopName": "皮皮虾"
}, {
    "good_id": 35,
    "src": "https://imgservice5.suning.cn/uimg1/b2c/image/vGGWruUONro_xaeN80XPgQ.jpg_400w_400h_4e",
    "title": "新虹宝 南美白虾仁（中号）200g/袋 22-26只 海鲜水产",
    "price": 20.6,
    "disCount": 1000,
    "shopName": "皮皮虾"
}, {
    "good_id": 36,
    "src": "https://imgservice4.suning.cn/uimg1/b2c/image/BGOiGhpWxSOY_18X1x6b3Q.jpg_400w_400h_4e",
    "title": "简单滋味 越南黑虎草虾仁 (中) 250g（27-40只） 海鲜水产",
    "price": 34.9,
    "disCount": "1.5万+评价",
    "shopName": "皮皮虾"
}, {
    "good_id": 37,
    "src": "https://imgservice4.suning.cn/uimg1/b2c/image/nHx57QuMKybqdb85d7fFmg.jpg_400w_400h_4e",
    "title": "【包鲜活·请当面验货】WECOOK味库 活鲜加拿大进口波士顿龙虾 海鲜波龙450-550g/只 顺丰冷链",
    "price": 149,
    "disCount": "500+评价",
    "shopName": "皮皮虾"
}, {
    "good_id": 38,
    "src": "https://imgservice4.suning.cn/uimg1/b2c/image/qiMyJJjIzQxjsGNzhP8-Aw.jpg_400w_400h_4e",
    "title": "简单滋味 越南黑虎草虾仁 (小) 250g（42-50只）海鲜水产",
    "price": 29.9,
    "disCount": "1.2万+评价",
    "shopName": "皮皮虾"
}, {
    "good_id": 39,
    "src": "https://imgservice1.suning.cn/uimg1/b2c/image/ZDzqlL3zOKrmk5e2L16zPg.jpg_400w_400h_4e",
    "title": "国联（GUOLIAN）厄瓜多尔白虾1.8kg （90-108只）",
    "price": 139,
    "disCount": "8200+评价",
    "shopName": "皮皮虾"
}, {
    "good_id": 40,
    "src": "https://imgservice4.suning.cn/uimg1/b2c/image/w3xDyu1-tXlNfoJT48d7ww.jpg_400w_400h_4e",
    "title": "WECOOK味库 厄瓜多尔冻白虾海鲜水产南美对虾净重1.4kg/盒（40-50只/kg）活冻大虾",
    "price": 109,
    "disCount": "100+评价",
    "shopName": "皮皮虾"
}, {
    "good_id": 41,
    "src": "https://imgservice5.suning.cn/uimg1/b2c/image/utZgbbzaD7WafU7ahplU-g.jpg_400w_400h_4e",
    "title": "国联（GUOLIAN）翡翠生虾仁1kg（小号71/90）156-198只/袋",
    "price": 92,
    "disCount": "3500+评价",
    "shopName": "皮皮虾"
}, {
    "good_id": 42,
    "src": "https://imgservice3.suning.cn/uimg1/b2c/image/u2lGmzEur6Ccrn6dN3nRQA.jpg_400w_400h_4e",
    "title": "禧美海产 厄瓜多尔白虾（特大号）ASC认证 1kg/盒 30-40只 原装进口 火锅食材",
    "price": 116,
    "disCount": "3700+评价",
    "shopName": "皮皮虾"
}, {
    "good_id": 43,
    "src": "https://imgservice3.suning.cn/uimg1/b2c/image/YVhFjyeDV6VBXC3X3VrG7g.jpg_400w_400h_4e",
    "title": "简单滋味 冷冻南美白虾400g 海鲜水产",
    "price": 38.9,
    "disCount": "3800+评价",
    "shopName": "皮皮虾"
}, {
    "good_id": 44,
    "src": "https://imgservice3.suning.cn/uimg1/b2c/image/LLQFsyq8dSKiZV_rkp6JxQ.jpg_400w_400h_4e",
    "title": "新虹宝 黑虎虾仁（中号）200g/袋 18-22只 海鲜水产",
    "price": 27.6,
    "disCount": 1000,
    "shopName": "皮皮虾"
}, {
    "good_id": 45,
    "src": "https://imgservice1.suning.cn/uimg1/b2c/image/G3RjasAM4HgR97NyjVxCag.jpg_400w_400h_4e",
    "title": "国联GUOLIAN 手打虾滑 200g",
    "price": 19.9,
    "disCount": "4500+评价",
    "shopName": "皮皮虾"
}, {
    "good_id": 46,
    "src": "https://imgservice2.suning.cn/uimg1/b2c/image/QkGRYlPeTHx4vbtuo6RJlQ.jpg_400w_400h_4e",
    "title": "新虹宝 精选青虾滑（96%虾仁）200g/袋 海鲜水产 火锅食材",
    "price": 22.9,
    "disCount": 1000,
    "shopName": "皮皮虾"
}, {
    "good_id": 47,
    "src": "https://imgservice1.suning.cn/uimg1/b2c/image/2rouUAuQ3Q40WmRbxmp7Jg.jpg_400w_400h_4e",
    "title": "禧美海产 厄瓜多尔白虾(ASC认证）300g 50-60/kg 盒装 海鲜水产",
    "price": 28.6,
    "disCount": "1400+评价",
    "shopName": "皮皮虾"
}, {
    "good_id": 48,
    "src": "https://imgservice4.suning.cn/uimg1/b2c/image/QbeysPYuVW6mrxB3lcYB9w.jpg_400w_400h_4e",
    "title": "国联（GUO LIAN）中号翡翠生虾仁 300g/袋 33-40只",
    "price": 38.8,
    "disCount": "5600+评价",
    "shopName": "皮皮虾"
}, {
    "good_id": 49,
    "src": "https://imgservice2.suning.cn/uimg1/b2c/image/FJH7hEsiuFmc5tr4AqpOig.jpg_400w_400h_4e",
    "title": "国联（GUO LIAN）阿根廷红虾仁（大号）200g/袋 海鲜水产 红虾仁",
    "price": 32.8,
    "disCount": "1800+评价",
    "shopName": "皮皮虾"
}, {
    "good_id": 50,
    "src": "https://imgservice1.suning.cn/uimg1/b2c/image/2VcHNXCcMQ-d9cAhQDe2Ew.jpg_400w_400h_4e",
    "title": "禧美海产 熟冻加拿大北极甜虾（MSC认证）带籽率70%-80% 500g 袋装45-60只 海鲜水产",
    "price": 43.6,
    "disCount": "9400+评价",
    "shopName": "皮皮虾"
}, {
    "good_id": 51,
    "src": "https://imgservice3.suning.cn/uimg1/b2c/image/6e-2p8kqNV_9J-n8jeiIXA.jpg_400w_400h_4e",
    "title": "蓝雪 冷冻去头船冻阿根廷红虾 18-25只/500g 袋装 海鲜水产",
    "price": 69.9,
    "disCount": "2000+评价",
    "shopName": "皮皮虾"
}, {
    "good_id": 52,
    "src": "https://imgservice3.suning.cn/uimg1/b2c/image/dtWfETwGNse9CAzoffniNg.jpg_400w_400h_4e",
    "title": "champmar 生冻厄瓜多尔南美白虾1000g盒装 50-60只 海买海鲜",
    "price": 91,
    "disCount": "2600+评价",
    "shopName": "皮皮虾"
}, {
    "good_id": 53,
    "src": "https://imgservice3.suning.cn/uimg1/b2c/image/RepxuGKVO7ms44ucXdy71Q.jpg_400w_400h_4e",
    "title": "壹家壹站 马来西亚活冻黑虎虾 盒装 400g 13-14只 海鲜水产 冷冻虾",
    "price": 44.9,
    "disCount": "2.0万+评价",
    "shopName": "皮皮虾"
}, {
    "good_id": 54,
    "src": "https://imgservice4.suning.cn/uimg1/b2c/image/WntGIt6m_9p_0qTzVEVa4g.jpg_400w_400h_4e",
    "title": "【3斤装】味库青虾仁含冰500g/份*3包",
    "price": 109,
    "disCount": "10+评价",
    "shopName": "皮皮虾"
}, {
    "good_id": 55,
    "src": "https://imgservice1.suning.cn/uimg1/b2c/image/nKL0Hsu5RQYxCOdu6o_1WQ.jpg_400w_400h_4e",
    "title": "禧美海产 厄瓜多尔白虾(ASC认证）1800g 盒装 75-90只 原装进口 海鲜水产",
    "price": 165,
    "disCount": "5400+评价",
    "shopName": "皮皮虾"
}, {
    "good_id": 56,
    "src": "https://imgservice2.suning.cn/uimg1/b2c/image/dNlU0Ve0JqofsklUCy8kJg.jpg_400w_400h_4e",
    "title": "Sirena 原装进口熟冻头籽头膏 加拿大北极虾头籽甜虾2.5kg 礼盒装",
    "price": 289,
    "disCount": "30+评价",
    "shopName": "皮皮虾"
}, {
    "good_id": 57,
    "src": "https://imgservice2.suning.cn/uimg1/b2c/image/3XKB5gt4jqbRBXYeFWgd-w.jpg_400w_400h_4e",
    "title": "国联（GUO LIAN）越南冻生带头虎虾40/50 400g/盒装 海鲜水产 黑虎虾",
    "price": 58,
    "disCount": "1100+评价",
    "shopName": "皮皮虾"
}, {
    "good_id": 58,
    "src": "https://imgservice5.suning.cn/uimg1/b2c/image/zmp5mwtU70CDV1HqfJeehg.jpg_400w_400h_4e",
    "title": "海买HaiMai 熟冻加拿大北极甜虾 400g袋*2 （50-60只/袋）",
    "price": 51.8,
    "disCount": "16万+评价",
    "shopName": "皮皮虾"
}, {
    "good_id": 59,
    "src": "https://imgservice2.suning.cn/uimg1/b2c/image/z23YFSqdX-PPamuxMmXR_A.jpg_400w_400h_4e",
    "title": "海洋岛 HAIYANGDAO马来西亚进口老虎虾800g （17-20头/盒 ）进口海产冷冻海虾海鲜 海产生鲜盒装虾类",
    "price": 139,
    "disCount": "500+评价",
    "shopName": "皮皮虾"
}, {
    "good_id": 60,
    "src": "https://imgservice3.suning.cn/uimg1/b2c/image/O2t0GZdLefuyREfc4gRHTA.jpg_400w_400h_4e",
    "title": "Sirena 原装进口熟冻加拿大北极虾 腹籽甜虾 1kg盒装 90-120只 海买",
    "price": 109,
    "disCount": "5700+评价",
    "shopName": "皮皮虾"
}, {
    "good_id": 61,
    "src": "https://imgservice3.suning.cn/uimg1/b2c/image/5pv2x_jLi7SWP0f96qURVw.jpg_400w_400h_4e",
    "title": "禧美海产 熟冻大号加拿大北极甜虾（MSC认证）1000g 盒装 80-100只 海鲜水产",
    "price": 99,
    "disCount": "3400+评价",
    "shopName": "皮皮虾"
}, {
    "good_id": 62,
    "src": "https://imgservice4.suning.cn/uimg1/b2c/image/iRiFp5PsdgiXFG0PPzXeJw.jpg_400w_400h_4e",
    "title": "新虹宝 黑虎虾仁（大号）200g/袋 11-13只 海鲜水产",
    "price": 32.6,
    "disCount": 1000,
    "shopName": "皮皮虾"
}, {
    "good_id": 63,
    "src": "https://imgservice2.suning.cn/uimg1/b2c/image/lyrm7qvg08iQcMvttGR79Q.jpg_400w_400h_4e",
    "title": "蓝雪 冷冻南美抽肠青虾仁 300g 27-34只 袋装 海鲜水产",
    "price": 43.6,
    "disCount": "2100+评价",
    "shopName": "皮皮虾"
}, {
    "good_id": 64,
    "src": "https://imgservice3.suning.cn/uimg1/b2c/image/l7eU4NckOrYLxq2wxk_PCQ.jpg_400w_400h_4e",
    "title": "海洋岛HAIYANGDAO 泰国进口青虾1.7kg（68-85头/盒 ）虾类 盒装 海产冷冻虾 大连特色海鲜",
    "price": 189,
    "disCount": "100+评价",
    "shopName": "皮皮虾"
}, {
    "good_id": 65,
    "src": "https://imgservice4.suning.cn/uimg1/b2c/image/FIPIVZCiERVZeMqu7GkaWw.jpg_400w_400h_4e",
    "title": "皇家格陵兰 北极甜虾仁150g 盒装 原装进口 海鲜水产",
    "price": 48.9,
    "disCount": "100+评价",
    "shopName": "皮皮虾"
}, {
    "good_id": 66,
    "src": "https://imgservice2.suning.cn/uimg1/b2c/image/68cQItqEuZ-vlOiCR6hNow.jpg_400w_400h_4e",
    "title": "蓝雪 阿根廷红虾仁（抽肠）300g",
    "price": 59.9,
    "disCount": "600+评价",
    "shopName": "皮皮虾"
}, {
    "good_id": 67,
    "src": "https://imgservice2.suning.cn/uimg1/b2c/image/2tYMgUv-nPKLPvkAwmvYxg.jpg_400w_400h_4e",
    "title": "海洋岛HAIYANGDAO 马来西亚进口老虎虾800g （21-24头/盒 ）活冻黑虎虾 虾类 盒装 进口 海产冷冻虾",
    "price": 139,
    "disCount": "300+评价",
    "shopName": "皮皮虾"
}, {
    "good_id": 68,
    "src": "https://imgservice2.suning.cn/uimg1/b2c/image/7kz0NXPe7BKta2w3eF6vjA.jpg_400w_400h_4e",
    "title": "禧美海产 印度南美白虾仁200g 袋装 海鲜水产",
    "price": 24.6,
    "disCount": "500+评价",
    "shopName": "皮皮虾"
}, {
    "good_id": 69,
    "src": "https://imgservice2.suning.cn/uimg1/b2c/image/FnEPBvUjRd-scQVLSya36w.jpg_400w_400h_4e",
    "title": "禧美海产 北极甜虾仁160g 袋装 海鲜水产",
    "price": 38.6,
    "disCount": "100+评价",
    "shopName": "皮皮虾"
}, {
    "good_id": 70,
    "src": "https://imgservice3.suning.cn/uimg1/b2c/image/0oE8hcXInKiz1gEoPq8fQA.jpg_400w_400h_4e",
    "title": "皇家格陵兰 原装进口 熟冻北极虾1000g 90-120只 盒装 海鲜水产",
    "price": 99,
    "disCount": "900+评价",
    "shopName": "皮皮虾"
}, {
    "good_id": 71,
    "src": "https://imgservice4.suning.cn/uimg1/b2c/image/oNreddEk_JPyJjZVUy38lA.jpg_400w_400h_4e",
    "title": "WECOOK味库 文莱进口蓝虾800g 可刺身进口生冻海虾 赠味库特制蒜蓉酱",
    "price": 176,
    "disCount": "10+评价",
    "shopName": "皮皮虾"
}, {
    "good_id": 72,
    "src": "https://imgservice1.suning.cn/uimg1/b2c/image/2vxh7LzIv6Tc7qRu5h0Hfg.jpg_400w_400h_4e",
    "title": "品味私厨 速冻虾饼 200g 4片装 虾制品 虾饼片",
    "price": 16.5,
    "disCount": "200+评价",
    "shopName": "皮皮虾"
}, {
    "good_id": 73,
    "src": "https://imgservice4.suning.cn/uimg1/b2c/image/FFZZJ5FH6O55XwXAkMs_3Q.jpg_400w_400h_4e",
    "title": "WECOOK味库 鲜活加拿大进口波士顿龙虾800-900g 海鲜水产 加赠大厨特制蒜蓉酱",
    "price": 359,
    "disCount": "40+评价",
    "shopName": "皮皮虾"
}, {
    "good_id": 74,
    "src": "https://imgservice2.suning.cn/uimg1/b2c/image/vk7nnPKD3_jDnvm7fPhRjg.jpg_400w_400h_4e",
    "title": "海洋岛冷冻虾仁新鲜青虾仁大冻虾仁特大2斤500g*2整箱批发",
    "price": 129,
    "disCount": "60+评价",
    "shopName": "皮皮虾"
}, {
    "good_id": 75,
    "src": "https://imgservice1.suning.cn/uimg1/b2c/image/VyaREk4slWIQwCeEDRqHOA.jpg_400w_400h_4e",
    "title": "海天下 冷冻95%虾滑150g 袋装 火锅食材 海鲜水产",
    "price": 23.9,
    "disCount": 1000,
    "shopName": "皮皮虾"
}, {
    "good_id": 76,
    "src": "https://imgservice4.suning.cn/uimg1/b2c/image/QH5eZa7-TjmFMibOjKmu8w.jpg_400w_400h_4e",
    "title": "WECOOK味库 活鲜加拿大进口波士顿龙虾 海鲜波龙650g-750g/只 顺丰冷链",
    "price": 249,
    "disCount": "50+评价",
    "shopName": "皮皮虾"
}, {
    "good_id": 77,
    "src": "https://imgservice2.suning.cn/uimg1/b2c/image/T0APa5HpUwUVoCsuQ6tkLA.jpg_400w_400h_4e",
    "title": "新鲜L1大号阿根廷进口船冻红虾2kg 活冻海捕大虾 海虾对虾4斤海鲜水产顺丰",
    "price": 149,
    "disCount": 1000,
    "shopName": "皮皮虾"
}, {
    "good_id": 78,
    "src": "https://imgservice4.suning.cn/uimg1/b2c/image/sjh0_QYGTqx8wL3IQJTp8Q.jpg_400w_400h_4e",
    "title": "WECOOK 味库 鲜活加拿大进口波士顿龙虾 海鲜波龙550-650g/只 顺丰冷链",
    "price": 219,
    "disCount": "6评价",
    "shopName": "皮皮虾"
}, {
    "good_id": 79,
    "src": "https://imgservice2.suning.cn/uimg1/b2c/image/-ZTT0BoUwI2ZEgGKILbH0w.jpg_400w_400h_4e",
    "title": "champmar 厄瓜多尔白虾1000g盒装 40-50只 海买虾类",
    "price": 99,
    "disCount": "1.5万+评价",
    "shopName": "皮皮虾"
}, {
    "good_id": 80,
    "src": "https://imgservice3.suning.cn/uimg1/b2c/image/kYBt_-7jWoyO01Z85vB2ew.jpg_400w_400h_4e",
    "title": "壹家壹站 马来西亚活冻黑虎虾 盒装 400g 15-16只 海鲜水产 海产冷冻虾",
    "price": 39.9,
    "disCount": "2.1万+评价",
    "shopName": "皮皮虾"
}, {
    "good_id": 81,
    "src": "https://imgservice3.suning.cn/uimg1/b2c/image/gcK-kYLJ3eSVUYDqIvkFxA.jpg_400w_400h_4e",
    "title": "鲜美来虾滑200g 海鲜 北海 虾仁肉类 馅料 火锅丸子 火锅食材 海鲜水产 袋装",
    "price": 24.6,
    "disCount": "6.5万+评价",
    "shopName": "皮皮虾"
}, {
    "good_id": 82,
    "src": "https://imgservice1.suning.cn/uimg1/b2c/image/Sz7Zx0QzTNGOCZew5sbB1Q.jpg_400w_400h_4e",
    "title": "禧美海产 熟冻加拿大北极甜虾（MSC认证） 200g 袋装 25-30只海鲜水产",
    "price": 12.6,
    "disCount": "7.4万+评价",
    "shopName": "皮皮虾"
}, {
    "good_id": 83,
    "src": "https://imgservice3.suning.cn/uimg1/b2c/image/ePW_s1v5_5g2PFJlEv7wbg.jpg_400w_400h_4e",
    "title": "今锦上 蒜蓉小龙虾 900g 中号/20-30只 净虾500g",
    "price": 33.8,
    "disCount": "1.1万+评价",
    "shopName": "皮皮虾"
}, {
    "good_id": 84,
    "src": "https://imgservice3.suning.cn/uimg1/b2c/image/Fvvp0EVoasNbz4cHeQoPxw.jpg_400w_400h_4e",
    "title": "今锦上 十三香小龙虾 900g 中号/20-30只 净虾500g",
    "price": 32.8,
    "disCount": "9700+评价",
    "shopName": "皮皮虾"
}, {
    "good_id": 85,
    "src": "https://imgservice2.suning.cn/uimg1/b2c/image/3dMyhm84of2dadb6C-6lVg.jpg_400w_400h_4e",
    "title": "俏苏阁悦食者 十三香小龙虾 900g 6-8/13-16只 净虾500g 海鲜水产",
    "price": 38.8,
    "disCount": "1900+评价",
    "shopName": "皮皮虾"
}, {
    "good_id": 86,
    "src": "https://imgservice3.suning.cn/uimg1/b2c/image/rd4k7VKT7AZZeDj6Mfy6WA.jpg_400w_400h_4e",
    "title": "今锦上 麻辣小龙虾 1.8kg 4-6/33-50只 净虾1kg",
    "price": 60.8,
    "disCount": "2400+评价",
    "shopName": "皮皮虾"
}, {
    "good_id": 87,
    "src": "https://imgservice4.suning.cn/uimg1/b2c/image/ge5n09vzorLPuuN0cyOQnA.jpg_400w_400h_4e",
    "title": "简单滋味 越南黑虎草虾仁 （大）250g（18-26只）海鲜水产",
    "price": 44.9,
    "disCount": "5700+评价",
    "shopName": "皮皮虾"
}, {
    "good_id": 88,
    "src": "https://imgservice3.suning.cn/uimg1/b2c/image/2ZcWK6bOaQ-8lVsYTKw8OQ.jpg_400w_400h_4e",
    "title": "蓝雪 Blue Snow 东海红虾仁200g 39-49只",
    "price": 29.9,
    "disCount": "2800+评价",
    "shopName": "皮皮虾"
}, {
    "good_id": 89,
    "src": "https://imgservice5.suning.cn/uimg1/b2c/image/7oe91_BRsXqdY32DIQHQJw.jpg_400w_400h_4e",
    "title": "壹家壹站 马来西亚原装进口黑虎虾 400g 9-11只 盒装 海鲜水产虾",
    "price": 61.9,
    "disCount": "2300+评价",
    "shopName": "皮皮虾"
}, {
    "good_id": 90,
    "src": "https://imgservice3.suning.cn/uimg1/b2c/image/z4MX0Hp2X_SkpqWWzFH5cg.jpg_400w_400h_4e",
    "title": "禧美海产 红虾白虾礼盒1800g（红虾400g*2 白虾1kg）礼盒装 海鲜水产",
    "price": 156,
    "disCount": "200+评价",
    "shopName": "皮皮虾"
}, {
    "good_id": 91,
    "src": "https://imgservice2.suning.cn/uimg1/b2c/image/JVJNTJXB2cBz_ket1aZrnA.jpg_400w_400h_4e",
    "title": "禧美海产 冷冻北极鳕鱼&北极甜虾仁 160g 袋装 母婴系列 海鲜水产",
    "price": 39.9,
    "disCount": "20+评价",
    "shopName": "皮皮虾"
}, {
    "good_id": 92,
    "src": "https://imgservice3.suning.cn/uimg1/b2c/image/ghOa46hXwn279728p0tsbQ.jpg_400w_400h_4e",
    "title": "禧美海产 红白甜三虾礼盒1200g（红虾400g 白虾300g 北极甜虾500g）礼盒装 海鲜水产",
    "price": 106,
    "disCount": "500+评价",
    "shopName": "皮皮虾"
}, {
    "good_id": 93,
    "src": "https://imgservice2.suning.cn/uimg1/b2c/image/NBh2vhlxzKTnNHIdESK_sw.jpg_400w_400h_4e",
    "title": "禧美海产 冷冻去头开背南美白虾 200g 袋装 海鲜水产",
    "price": 20.8,
    "disCount": "400+评价",
    "shopName": "皮皮虾"
}, {
    "good_id": 94,
    "src": "https://imgservice5.suning.cn/uimg1/b2c/image/_AkrzREFIJ7noilnWYadPQ.jpg_400w_400h_4e",
    "title": "壹家壹站 马来西亚原装进口黑虎虾 400g 11-12只 盒装 海鲜水产虾",
    "price": 52.9,
    "disCount": "900+评价",
    "shopName": "皮皮虾"
}, {
    "good_id": 95,
    "src": "https://imgservice2.suning.cn/uimg1/b2c/image/DUGjDrHKlKgmCCEVfg9-5g.jpg_400w_400h_4e",
    "title": "禧美海产 冷冻去头南美白虾 200g 袋装 海鲜水产",
    "price": 19.9,
    "disCount": "1100+评价",
    "shopName": "皮皮虾"
}, {
    "good_id": 96,
    "src": "https://imgservice2.suning.cn/uimg1/b2c/image/hR1h01H1mS_vG4Pwngaz6g.jpg_400w_400h_4e",
    "title": "禧美 冷冻三文鱼&北极甜虾仁 160g/袋 母婴系列",
    "price": 43.6,
    "disCount": "10+评价",
    "shopName": "皮皮虾"
}, {
    "good_id": 97,
    "src": "https://imgservice3.suning.cn/uimg1/b2c/image/ZZpnKyoIhrwv-bRkyfo0wg.jpg_400w_400h_4e",
    "title": "皇家格陵兰 原装进口 北极虾刺身1000g 90-150只 盒装 海鲜水产",
    "price": 149,
    "disCount": "1300+评价",
    "shopName": "皮皮虾"
}, {
    "good_id": 98,
    "src": "https://imgservice2.suning.cn/uimg1/b2c/image/uCIYyXKsKU2D-rQWfqX8VA.jpg_400w_400h_4e",
    "title": "Clearwater/北极清水 英国原装进口挪威海鳌虾盒装 海鲜火锅食刺身料理生鲜食材 海鳌虾500g",
    "price": 128,
    "disCount": "3评价",
    "shopName": "皮皮虾"
}, {
    "good_id": 99,
    "src": "https://imgservice3.suning.cn/uimg1/b2c/image/QEN9JnU6ocV1N6wfMHIQuw.jpg_400w_400h_4e",
    "title": "蟹小茉 麻辣小龙虾1800g 4-6钱 净虾1000g 加热即食",
    "price": 65.8,
    "disCount": "300+评价",
    "shopName": "皮皮虾"
}, {
    "good_id": 100,
    "src": "https://imgservice3.suning.cn/uimg1/b2c/image/xLxYlHzvnNE5bZu6_LpwJg.jpg_400w_400h_4e",
    "title": "蟹小茉 十三香小龙虾1800g 4-6钱 净虾1000g 加热即食",
    "price": 65.8,
    "disCount": "400+评价",
    "shopName": "皮皮虾"
}, {
    "good_id": 101,
    "src": "https://imgservice1.suning.cn/uimg1/b2c/image/oJ1izoGvoMNGvRXhOhKuFA.jpg_400w_400h_4e",
    "title": "蓝雪 青虾仁（抽肠)300g 71-90只/磅",
    "price": 48,
    "disCount": "60+评价",
    "shopName": "皮皮虾"
}, {
    "good_id": 102,
    "src": "https://imgservice2.suning.cn/uimg1/b2c/image/ivj5UFe7RQ5V6wp-CdYzEw.jpg_400w_400h_4e",
    "title": "国联（GUO LIAN）香辣皮皮虾 150g/盒装 海鲜水产 皮皮虾",
    "price": 21.6,
    "disCount": "900+评价",
    "shopName": "皮皮虾"
}, {
    "good_id": 103,
    "src": "https://imgservice4.suning.cn/uimg1/b2c/image/faZN-KDfPwTwW35DNhwoaQ.jpg_400w_400h_4e",
    "title": "壹家壹站 马来西亚原装进口黑虎虾 400g 19-20只 盒装 海鲜水产虾",
    "price": 44.9,
    "disCount": "80+评价",
    "shopName": "皮皮虾"
}, {
    "good_id": 104,
    "src": "https://image3.suning.cn/uimg/b2c/newcatentries/0000000000-000000010169528551_1.jpg_400w_400h_4e",
    "title": "哈鲜(joyfish) 冷冻虾仁 125g 盒装",
    "price": 24,
    "disCount": "500+评价",
    "shopName": "皮皮虾"
}, {
    "good_id": 105,
    "src": "https://imgservice2.suning.cn/uimg1/b2c/image/GGWs8QmxmzstUfwh5dPF_A.jpg_400w_400h_4e",
    "title": "禧美海产 麻辣北极虾350g 盒装 海鲜水产",
    "price": 18.6,
    "disCount": "100+评价",
    "shopName": "皮皮虾"
}, {
    "good_id": 106,
    "src": "https://image3.suning.cn/uimg/b2c/newcatentries/0000000000-000000010169898131_1.jpg_400w_400h_4e",
    "title": "哈鲜(Joyfish) 北极甜虾 5kg",
    "price": 288,
    "disCount": "10+评价",
    "shopName": "皮皮虾"
}, {
    "good_id": 107,
    "src": "https://imgservice4.suning.cn/uimg1/b2c/image/YV61Jaqzr8G0Vvu1eO_W7g.jpg_400w_400h_4e",
    "title": "蟹小茉 麻辣小龙虾860g 4-6钱 净虾500g 加热即食",
    "price": 39.8,
    "disCount": "100+评价",
    "shopName": "皮皮虾"
}, {
    "good_id": 108,
    "src": "https://imgservice5.suning.cn/uimg1/b2c/image/HoA5yOR7O9KIUySS6NJsqg.jpg_400w_400h_4e",
    "title": "欧鲜生 麻辣小龙虾1800g 4-6钱 净虾1000g",
    "price": 96,
    "disCount": "300+评价",
    "shopName": "皮皮虾"
}, {
    "good_id": 109,
    "src": "https://imgservice5.suning.cn/uimg1/b2c/image/toClLrX4mug-zg_w7AZS1Q.jpg_400w_400h_4e",
    "title": "欧鲜生 麻辣小龙虾860g 4-6钱 净虾500g",
    "price": 70,
    "disCount": "90+评价",
    "shopName": "皮皮虾"
}, {
    "good_id": 110,
    "src": "https://imgservice3.suning.cn/uimg1/b2c/image/k9Xo9DMzk2Wa9bxC3s0FEg.jpg_400w_400h_4e",
    "title": "蟹小茉 香辣小龙虾尾200g*3盒装 龙虾球 熟食加热即食",
    "price": 79.9,
    "disCount": "100+评价",
    "shopName": "皮皮虾"
}, {
    "good_id": 111,
    "src": "https://imgservice1.suning.cn/uimg1/b2c/image/xmg5P2uuDVm7SuyCkNnWXw.jpg_400w_400h_4e",
    "title": "冷冻南极磷虾肉 南极捕捞 200g 辅食馅料 海鲜水产",
    "price": 24.9,
    "disCount": "900+评价",
    "shopName": "皮皮虾"
}, {
    "good_id": 112,
    "src": "https://imgservice3.suning.cn/uimg1/b2c/image/lVNYAxZPGCLmO-3dyUdVFg.jpg_400w_400h_4e",
    "title": "国联（GUO LIAN）蒜蓉粉丝蒸虾 228g/盒装 海鲜水产 虾",
    "price": 34.8,
    "disCount": "800+评价",
    "shopName": "皮皮虾"
}, {
    "good_id": 113,
    "src": "https://imgservice2.suning.cn/uimg1/b2c/image/8cxMbhws9pS5vbbnuXMXoQ.jpg_400w_400h_4e",
    "title": "谷源道 网红虾 十三香小龙虾900g 4-6钱/17-25只净虾重500g",
    "price": 36.4,
    "disCount": "2500+评价",
    "shopName": "皮皮虾"
}, {
    "good_id": 114,
    "src": "https://imgservice5.suning.cn/uimg1/b2c/image/NaE1xgH_4DMIQk5tfOzDuQ.jpg_400w_400h_4e",
    "title": "欧鲜生 十三香小龙虾1800g 4-6钱 净虾1000g",
    "price": 96,
    "disCount": "100+评价",
    "shopName": "皮皮虾"
}, {
    "good_id": 115,
    "src": "https://imgservice5.suning.cn/uimg1/b2c/image/Kqw2aWYShL8295N7YO1RfQ.jpg_400w_400h_4e",
    "title": "欧鲜生 十三香小龙虾860g 4-6钱 净虾500g",
    "price": 70,
    "disCount": "70+评价",
    "shopName": "皮皮虾"
}, {
    "good_id": 116,
    "src": "https://imgservice3.suning.cn/uimg1/b2c/image/FypDEY0Wc_j3z5uiGgDbuw==.jpg_400w_400h_4e",
    "title": "【活鲜】江苏盱眙清水鲜活小龙虾 1000g 约6-8钱只 1份 盒装",
    "price": 75,
    "disCount": "9评价",
    "shopName": "皮皮虾"
}, {
    "good_id": 117,
    "src": "https://imgservice2.suning.cn/uimg1/b2c/image/6ilbrrz8d5-1PDNdmJJvLw==.jpg_400w_400h_4e",
    "title": "【活鲜】江苏盱眙清水鲜活小龙虾 1000g 约4-6钱只 1份 盒装",
    "price": 66,
    "disCount": "10+评价",
    "shopName": "皮皮虾"
}, {
    "good_id": 118,
    "src": "https://imgservice1.suning.cn/uimg1/b2c/image/JqzLG5Z-qHxGkbQeFoDBKA.jpg_400w_400h_4e",
    "title": "海鲜盛宴 OceanGala 速冻南美大虾仁（51-60）250g/袋",
    "price": 35,
    "disCount": "40+评价",
    "shopName": "皮皮虾"
}, {
    "good_id": 119,
    "src": "https://imgservice2.suning.cn/uimg1/b2c/image/pIjLnlGRgf0EJhFAjC4gIg.jpg_400w_400h_4e",
    "title": "海鲜盛宴 OceanGala 速冻南美大虾仁（71-90）250g/袋",
    "price": 32.9,
    "disCount": "90+评价",
    "shopName": "皮皮虾"
}, {
    "good_id": 120,
    "src": "https://imgservice1.suning.cn/uimg1/b2c/image/SlkpX4kXzFimkUEWzpu9wA.jpg_400w_400h_4e",
    "title": "蓝雪 冷冻越南黑虎虾（单冻） ASC认证 500g 10-14只 盒装 海鲜水产",
    "price": 136,
    "disCount": "0评价",
    "shopName": "皮皮虾"
}]